nick_name,date
ATC,2021-01-12 12:00:00
ICDCS,2021-01-13 12:00:00
IJCAI,2021-01-18 12:00:00
HPDC,2021-01-24 12:00:00
ACL,2021-02-01 12:00:00
ICML,2021-02-04 12:00:00
ICS,2021-02-04 12:00:00
SIGMETRICS,2021-02-05 12:00:00
SPAA,2021-02-11 12:00:00
PODC,2021-02-15 12:00:00
CODES+ISSS,2021-04-09 12:00:00
SC,2021-04-09 12:00:00
ICPP,2021-04-16 12:00:00
MICRO,2021-04-16 12:00:00
NSDI,2021-04-17 12:00:00
PACT,2021-04-19 12:00:00
SOSP,2021-04-30 12:00:00
OSDI,2021-05-12 12:00:00
CLUSTER,2021-05-17 12:00:00
SoCC,2021-05-28 12:00:00
ICCD,2021-06-11 12:00:00
HPCA,2021-07-31 12:00:00
PPoPP,2021-08-13 12:00:00
INFOCOM,2021-08-15 12:00:00
ASPLOS,2021-08-21 12:00:00
ICSE,2021-08-28 12:00:00
CGO,2021-09-01 12:00:00
AAAI,2021-09-01 12:00:00
DATE,2021-09-21 12:00:00
FAST,2021-09-24 12:00:00
EuroSys,2021-10-09 12:00:00
IPDPS,2021-10-12 12:00:00
RTAS,2021-10-26 12:00:00
DAC,2021-11-23 12:00:00
ISCA,2021-11-24 12:00:00
CCGRID,2021-12-08 12:00:00
